Fund,Weight
Nikko STI ETF,0.0
Lion-OCBC HSTECH ETF,3.698808335190786e-18
ABF SG Bond,2.2551405187698492e-17
Fidelity Global Tech,0.0
PIMCO Income SGD-H,2.882076808290365e-17
JPM US Tech SGD,0.0
Schroder Asian Growth,6.747952459726499e-18
BlackRock World Gold,2.6119389782310214e-20
Franklin India SGD,3.435156138893457e-17
United SGD Fund,0.9999999999999999
